<?xml version="1.0" encoding="UTF-8"?>
<project-private xmlns="http://www.netbeans.org/ns/project-private/1">
    <editor-bookmarks xmlns="http://www.netbeans.org/ns/editor-bookmarks/2" lastBookmarkId="0"/>
    <open-files xmlns="http://www.netbeans.org/ns/projectui-open-files/2">
        <group>
            <file>file:/home/mayte/Documentos/Mayte/Documentos/Docencia/Curso20_21/EDA/Prácticas/Práctica4/Practica4/test/practica4/GraphClosureTest.java</file>
            <file>file:/home/mayte/Documentos/Mayte/Documentos/Docencia/Curso20_21/EDA/Prácticas/Práctica4/Practica4/src/practica4/parchis/ParchisBoard.java</file>
            <file>file:/home/mayte/Documentos/Mayte/Documentos/Docencia/Curso20_21/EDA/Prácticas/Práctica4/Practica4/src/material/graphs/ALGraph.java</file>
            <file>file:/home/mayte/Documentos/Mayte/Documentos/Docencia/Curso20_21/EDA/Prácticas/Práctica4/Practica4/src/practica4/GraphClosure.java</file>
            <file>file:/home/mayte/Documentos/Mayte/Documentos/Docencia/Curso20_21/EDA/Prácticas/Práctica4/Practica4/src/material/graphs/ELDigraph.java</file>
            <file>file:/home/mayte/Documentos/Mayte/Documentos/Docencia/Curso20_21/EDA/Prácticas/Práctica4/Practica4/src/material/graphs/ELGraph.java</file>
            <file>file:/home/mayte/Documentos/Mayte/Documentos/Docencia/Curso20_21/EDA/Prácticas/Práctica4/Practica4/src/material/graphs/Kruskal.java</file>
            <file>file:/home/mayte/Documentos/Mayte/Documentos/Docencia/Curso20_21/EDA/Prácticas/Práctica4/Practica4/src/material/graphs/Graph.java</file>
            <file>file:/home/mayte/Documentos/Mayte/Documentos/Docencia/Curso20_21/EDA/Prácticas/Práctica4/Practica4/test/practica4/parchis/ParchisBoardTest.java</file>
        </group>
    </open-files>
</project-private>
