<?xml version="1.0" encoding="UTF-8"?>
<project-private xmlns="http://www.netbeans.org/ns/project-private/1">
    <editor-bookmarks xmlns="http://www.netbeans.org/ns/editor-bookmarks/2" lastBookmarkId="0"/>
    <open-files xmlns="http://www.netbeans.org/ns/projectui-open-files/2">
        <group>
            <file>file:/home/mayte/Documentos/Docencia/Curso2021_2022/EDA/Examenes/ParcialEDA21_22/src/examenparcial/Student.java</file>
            <file>file:/home/mayte/Documentos/Docencia/Curso2021_2022/EDA/Examenes/ParcialEDA21_22/test/material/tree/binarytree/MoreFunctionalityTest.java</file>
            <file>file:/home/mayte/Documentos/Docencia/Curso2021_2022/EDA/Examenes/ParcialEDA21_22/src/examenparcial/DNI.java</file>
            <file>file:/home/mayte/Documentos/Docencia/Curso2021_2022/EDA/Examenes/ParcialEDA21_22/src/material/tree/binarytree/MoreFunctionality.java</file>
        </group>
    </open-files>
</project-private>
