<?xml version="1.0" encoding="UTF-8"?>
<project-private xmlns="http://www.netbeans.org/ns/project-private/1">
    <editor-bookmarks xmlns="http://www.netbeans.org/ns/editor-bookmarks/2" lastBookmarkId="0"/>
    <open-files xmlns="http://www.netbeans.org/ns/projectui-open-files/2">
        <group>
            <file>file:/home/mayte/Documentos/Docencia/Curso2020_2021/EDA/Tema5/Ejercicios/MiGrafo2/test/material/graphs/RecorridosTest.java</file>
            <file>file:/home/mayte/Documentos/Docencia/Curso2020_2021/EDA/Tema5/Ejercicios/MiGrafo2/src/material/graphs/Recorridos.java</file>
        </group>
    </open-files>
</project-private>
